{"video": {"_type": "video-file", "sha256": "4b57a1cbf727c13b90d891e3f144f50e7c1637b863e39c06cd314b9528a9b4d8", "size": 390217, "path": "media/videos/video_2_4b57a1cbf727c13b90d8.gif"}, "_timestamp": 1681800991.4587371, "_runtime": 346.2744052410126, "_step": 9, "global_step": 2010, "test/env_step": 2000.0, "test/reward": -225412.453125, "test/length": 501.0, "test/reward_std": 0.0, "test/length_std": 0.0, "train/episode": 1.0, "train/reward": -127033.9609375, "train/length": 501.0, "_wandb": {"runtime": 357}}